year,sex,name,n,prop
1950,Female,Marion,1387,7.8869e-4
1950,Female,Jessie,937,5.328e-4
1950,Female,Kerry,478,2.718e-4
1950,Female,Jaime,28,1.592e-5
1950,Female,Casey,16,9.1e-6
1950,Male,Kerry,1062,5.8382e-4
1950,Male,Jessie,1019,5.6018e-4
1950,Male,Marion,821,4.5133e-4
1950,Male,Harley,265,1.4568e-4
1950,Male,Jaime,155,8.521e-5
1950,Male,Riley,152,8.356e-5
1950,Male,Casey,117,6.432e-5
1950,Male,Quinn,26,1.429e-5
1950,Male,Peyton,18,9.9e-6
1951,Female,Marion,1340,7.2539e-4
1951,Female,Jessie,941,5.094e-4
1951,Female,Kerry,491,2.658e-4
1951,Female,Jaime,28,1.516e-5
1951,Female,Casey,18,9.74e-6
1951,Female,Riley,5,2.71e-6
1951,Male,Kerry,1182,6.1826e-4
1951,Male,Jessie,988,5.1678e-4
1951,Male,Marion,854,4.4669e-4
1951,Male,Harley,257,1.3443e-4
1951,Male,Jaime,168,8.787e-5
1951,Male,Casey,154,8.055e-5
1951,Male,Riley,146,7.637e-5
1951,Male,Peyton,27,1.412e-5
1951,Male,Quinn,27,1.412e-5
1952,Female,Marion,1264,6.6447e-4
1952,Female,Jessie,877,4.6103e-4
1952,Female,Kerry,556,2.9228e-4
1952,Female,Casey,28,1.472e-5
1952,Female,Jaime,23,1.209e-5
1952,Female,Riley,7,3.68e-6
1952,Female,Harley,5,2.63e-6
1952,Male,Kerry,1169,5.9214e-4
1952,Male,Jessie,1035,5.2426e-4
1952,Male,Marion,785,3.9763e-4
1952,Male,Harley,272,1.3778e-4
1952,Male,Jaime,206,1.0435e-4
1952,Male,Casey,180,9.118e-5
1952,Male,Riley,164,8.307e-5
1952,Male,Peyton,20,1.013e-5
1952,Male,Quinn,17,8.61e-6
1953,Female,Marion,1276,6.6145e-4
1953,Female,Jessie,900,4.6654e-4
1953,Female,Kerry,569,2.9496e-4
1953,Female,Jaime,35,1.814e-5
1953,Female,Casey,31,1.607e-5
1953,Female,Harley,5,2.59e-6
1953,Male,Kerry,1261,6.301e-4
1953,Male,Jessie,1067,5.3317e-4
1953,Male,Marion,775,3.8726e-4
1953,Male,Jaime,257,1.2842e-4
1953,Male,Harley,256,1.2792e-4
1953,Male,Casey,179,8.944e-5
1953,Male,Riley,163,8.145e-5
1953,Male,Quinn,23,1.149e-5
1953,Male,Peyton,19,9.49e-6
1954,Female,Marion,1337,6.7158e-4
1954,Female,Jessie,762,3.8275e-4
1954,Female,Kerry,582,2.9234e-4
1954,Female,Jaime,44,2.21e-5
1954,Female,Casey,34,1.708e-5
1954,Male,Kerry,1662,8.0351e-4
1954,Male,Jessie,994,4.8056e-4
1954,Male,Marion,829,4.0079e-4
1954,Male,Jaime,295,1.4262e-4
1954,Male,Harley,243,1.1748e-4
1954,Male,Casey,236,1.141e-4
1954,Male,Riley,166,8.025e-5
1954,Male,Quinn,25,1.209e-5
1954,Male,Peyton,19,9.19e-6
1955,Female,Marion,1148,5.7266e-4
1955,Female,Jessie,747,3.7263e-4
1955,Female,Kerry,615,3.0678e-4
1955,Female,Jaime,57,2.843e-5
1955,Female,Casey,34,1.696e-5
1955,Male,Kerry,1604,7.6761e-4
1955,Male,Jessie,964,4.6133e-4
1955,Male,Marion,714,3.4169e-4
1955,Male,Jaime,376,1.7994e-4
1955,Male,Casey,297,1.4213e-4
1955,Male,Harley,226,1.0815e-4
1955,Male,Riley,131,6.269e-5
1955,Male,Quinn,30,1.436e-5
1955,Male,Peyton,22,1.053e-5
1956,Female,Marion,1103,5.3563e-4
1956,Female,Kerry,741,3.5984e-4
1956,Female,Jessie,684,3.3216e-4
1956,Female,Jaime,80,3.885e-5
1956,Female,Casey,62,3.011e-5
1956,Male,Kerry,1580,7.3674e-4
1956,Male,Jessie,1049,4.8914e-4
1956,Male,Marion,745,3.4739e-4
1956,Male,Jaime,397,1.8512e-4
1956,Male,Casey,352,1.6414e-4
1956,Male,Harley,235,1.0958e-4
1956,Male,Riley,133,6.202e-5
1956,Male,Quinn,42,1.958e-5
1956,Male,Peyton,22,1.026e-5
1957,Female,Marion,1053,5.0201e-4
1957,Female,Kerry,812,3.8712e-4
1957,Female,Jessie,632,3.013e-4
1957,Female,Jaime,68,3.242e-5
1957,Female,Casey,58,2.765e-5
1957,Female,Riley,6,2.86e-6
1957,Female,Peyton,5,2.38e-6
1957,Female,Quinn,5,2.38e-6
1957,Male,Kerry,1746,0.00079819000000000005
1957,Male,Jessie,1064,4.8641e-4
1957,Male,Marion,608,2.7795e-4
1957,Male,Jaime,440,2.0115e-4
1957,Male,Casey,367,1.6777e-4
1957,Male,Harley,236,1.0789e-4
1957,Male,Riley,141,6.446e-5
1957,Male,Quinn,57,2.606e-5
1957,Male,Peyton,22,1.006e-5
1958,Female,Marion,1054,5.1041e-4
1958,Female,Kerry,806,3.9031e-4
1958,Female,Jessie,589,2.8523e-4
1958,Female,Jaime,106,5.133e-5
1958,Female,Casey,63,3.051e-5
1958,Male,Kerry,1440,6.6882e-4
1958,Male,Jessie,1019,4.7328e-4
1958,Male,Marion,583,2.7078e-4
1958,Male,Jaime,581,2.6985e-4
1958,Male,Casey,374,1.7371e-4
1958,Male,Harley,176,8.174e-5
1958,Male,Riley,116,5.388e-5
1958,Male,Quinn,45,2.09e-5
1958,Male,Peyton,20,9.29e-6
1959,Female,Marion,920,4.4262e-4
1959,Female,Kerry,790,3.8008e-4
1959,Female,Jessie,584,2.8097e-4
1959,Female,Jaime,128,6.158e-5
1959,Female,Casey,86,4.138e-5
1959,Male,Kerry,1702,7.8569e-4
1959,Male,Jessie,959,0.00044270000000000003
1959,Male,Jaime,627,2.8944e-4
1959,Male,Marion,544,2.5112e-4
1959,Male,Casey,396,1.828e-4
1959,Male,Harley,178,8.217e-5
1959,Male,Riley,112,5.17e-5
1959,Male,Quinn,56,2.585e-5
1959,Male,Peyton,20,9.23e-6
1960,Female,Kerry,953,4.5821e-4
1960,Female,Marion,811,3.8993e-4
1960,Female,Jessie,509,2.4473e-4
1960,Female,Jaime,96,4.616e-5
1960,Female,Casey,76,3.654e-5
1960,Female,Quinn,7,3.37e-6
1960,Male,Kerry,2174,0.00100383
1960,Male,Jessie,935,4.3173e-4
1960,Male,Jaime,639,2.9506e-4
1960,Male,Marion,541,2.498e-4
1960,Male,Casey,348,1.6069e-4
1960,Male,Harley,172,7.942e-5
1960,Male,Riley,108,4.987e-5
1960,Male,Quinn,67,3.094e-5
1960,Male,Peyton,23,1.062e-5
1961,Female,Kerry,1040,5.0087e-4
1961,Female,Marion,749,3.6072e-4
1961,Female,Jessie,469,2.2587e-4
1961,Female,Jaime,130,6.261e-5
1961,Female,Casey,60,2.89e-5
1961,Female,Quinn,12,5.78e-6
1961,Female,Peyton,7,3.37e-6
1961,Male,Kerry,2027,9.4019e-4
1961,Male,Jessie,950,4.4064e-4
1961,Male,Jaime,667,3.0938e-4
1961,Male,Marion,564,2.616e-4
1961,Male,Casey,359,1.6652e-4
1961,Male,Harley,166,7.7e-5
1961,Male,Riley,102,4.731e-5
1961,Male,Quinn,67,3.108e-5
1961,Male,Peyton,17,7.89e-6
1962,Female,Kerry,1089,5.3725e-4
1962,Female,Marion,773,3.8135e-4
1962,Female,Jessie,445,2.1954e-4
1962,Female,Jaime,123,6.068e-5
1962,Female,Casey,79,3.897e-5
1962,Female,Peyton,7,3.45e-6
1962,Female,Quinn,6,2.96e-6
1962,Male,Kerry,1899,9.034e-4
1962,Male,Jessie,938,4.4623e-4
1962,Male,Jaime,663,3.1541e-4
1962,Male,Casey,517,2.4595e-4
1962,Male,Marion,490,2.3311e-4
1962,Male,Harley,138,6.565e-5
1962,Male,Riley,112,5.328e-5
1962,Male,Quinn,65,3.092e-5
1962,Male,Peyton,28,1.332e-5
1963,Female,Kerry,1164,5.8553e-4
1963,Female,Marion,737,3.7074e-4
1963,Female,Jessie,400,2.0121e-4
1963,Female,Jaime,115,5.785e-5
1963,Female,Casey,65,3.27e-5
1963,Female,Quinn,21,1.056e-5
1963,Female,Peyton,6,3.02e-6
1963,Male,Kerry,1722,8.3382e-4
1963,Male,Jessie,905,4.3822e-4
1963,Male,Jaime,644,3.1184e-4
1963,Male,Marion,458,2.2177e-4
1963,Male,Casey,367,1.7771e-4
1963,Male,Harley,134,6.489e-5
1963,Male,Quinn,100,4.842e-5
1963,Male,Riley,99,4.794e-5
1963,Male,Peyton,22,1.065e-5
1964,Female,Kerry,1179,6.0238e-4
1964,Female,Marion,725,3.7042e-4
1964,Female,Jessie,410,2.0948e-4
1964,Female,Jaime,101,5.16e-5
1964,Female,Casey,67,3.423e-5
1964,Female,Quinn,14,7.15e-6
1964,Female,Peyton,10,5.11e-6
1964,Male,Kerry,1566,7.7244e-4
1964,Male,Jessie,907,4.4739e-4
1964,Male,Jaime,694,3.4232e-4
1964,Male,Marion,456,2.2493e-4
1964,Male,Casey,396,1.9533e-4
1964,Male,Harley,148,7.3e-5
1964,Male,Quinn,120,5.919e-5
1964,Male,Riley,106,5.229e-5
1964,Male,Peyton,27,1.332e-5
1965,Female,Kerry,921,5.04e-4
1965,Female,Marion,567,3.1028e-4
1965,Female,Jessie,473,2.5884e-4
1965,Female,Jaime,111,6.074e-5
1965,Female,Casey,66,3.612e-5
1965,Female,Quinn,17,9.3e-6
1965,Female,Peyton,8,4.38e-6
1965,Female,Riley,6,3.28e-6
1965,Male,Kerry,1474,7.7775e-4
1965,Male,Jessie,874,4.6116e-4
1965,Male,Jaime,680,3.588e-4
1965,Male,Casey,442,2.3322e-4
1965,Male,Marion,430,2.2689e-4
1965,Male,Harley,124,6.543e-5
1965,Male,Quinn,104,5.488e-5
1965,Male,Riley,73,3.852e-5
1965,Male,Peyton,28,1.477e-5
1966,Female,Kerry,1032,5.8784e-4
1966,Female,Marion,534,3.0417e-4
1966,Female,Jessie,476,2.7114e-4
1966,Female,Jaime,150,8.544e-5
1966,Female,Casey,97,5.525e-5
1966,Female,Peyton,28,1.595e-5
1966,Female,Quinn,24,1.367e-5
1966,Male,Kerry,1241,6.8265e-4
1966,Male,Jessie,903,4.9672e-4
1966,Male,Jaime,726,3.9936e-4
1966,Male,Casey,562,3.0915e-4
1966,Male,Marion,351,1.9308e-4
1966,Male,Harley,140,7.701e-5
1966,Male,Quinn,110,6.051e-5
1966,Male,Riley,93,5.116e-5
1966,Male,Peyton,17,9.35e-6
1967,Female,Kerry,1258,7.328e-4
1967,Female,Marion,463,2.697e-4
1967,Female,Jessie,373,2.1728e-4
1967,Female,Jaime,147,8.563e-5
1967,Female,Casey,114,6.641e-5
1967,Female,Peyton,23,1.34e-5
1967,Female,Quinn,17,9.9e-6
1967,Male,Kerry,1124,6.3154e-4
1967,Male,Jessie,798,4.4837e-4
1967,Male,Jaime,714,4.0117e-4
1967,Male,Casey,503,2.8262e-4
1967,Male,Marion,344,1.9328e-4
1967,Male,Quinn,136,7.641e-5
1967,Male,Harley,125,7.023e-5
1967,Male,Riley,73,4.102e-5
1967,Male,Peyton,22,1.236e-5
1968,Female,Kerry,1735,0.00101489
1968,Female,Marion,436,2.5504e-4
1968,Female,Jessie,320,1.8718e-4
1968,Female,Casey,145,8.482e-5
1968,Female,Jaime,142,8.306e-5
1968,Female,Quinn,22,1.287e-5
1968,Female,Peyton,15,8.77e-6
1968,Female,Harley,5,2.92e-6
1968,Female,Riley,5,2.92e-6
1968,Male,Kerry,1085,6.109e-4
1968,Male,Jaime,791,4.4537e-4
1968,Male,Jessie,716,4.0314e-4
1968,Male,Casey,552,3.108e-4
1968,Male,Marion,367,2.0664e-4
1968,Male,Harley,123,6.925e-5
1968,Male,Quinn,115,6.475e-5
1968,Male,Riley,94,5.293e-5
1968,Male,Peyton,24,1.351e-5
1969,Female,Kerry,1853,0.00105122
1969,Female,Marion,414,2.3486e-4
1969,Female,Jessie,324,1.8381e-4
1969,Female,Casey,191,1.0836e-4
1969,Female,Jaime,167,9.474e-5
1969,Female,Quinn,23,1.305e-5
1969,Female,Peyton,14,7.94e-6
1969,Male,Kerry,977,5.3389e-4
1969,Male,Jaime,798,4.3607e-4
1969,Male,Jessie,772,4.2186e-4
1969,Male,Casey,680,3.7159e-4
1969,Male,Marion,341,1.8634e-4
1969,Male,Quinn,115,6.284e-5
1969,Male,Harley,113,6.175e-5
1969,Male,Riley,79,4.317e-5
1969,Male,Peyton,27,1.475e-5
1970,Female,Kerry,1833,0.00100061
1970,Female,Marion,383,2.0907e-4
1970,Female,Jessie,336,1.8342e-4
1970,Female,Casey,243,1.3265e-4
1970,Female,Jaime,220,1.2009e-4
1970,Female,Peyton,24,1.31e-5
1970,Female,Quinn,22,1.201e-5
1970,Female,Harley,6,3.28e-6
1970,Male,Kerry,967,5.0745e-4
1970,Male,Jaime,935,4.9065e-4
1970,Male,Casey,897,4.7071e-4
1970,Male,Jessie,729,3.8255e-4
1970,Male,Marion,304,1.5953e-4
1970,Male,Quinn,161,8.449e-5
1970,Male,Harley,129,6.769e-5
1970,Male,Riley,78,4.093e-5
1970,Male,Peyton,23,1.207e-5
1971,Female,Kerry,2206,0.00125887
1971,Female,Marion,360,2.0544e-4
1971,Female,Jessie,359,2.0487e-4
1971,Female,Casey,317,1.809e-4
1971,Female,Jaime,195,1.1128e-4
1971,Female,Quinn,23,1.313e-5
1971,Female,Peyton,8,4.57e-6
1971,Female,Harley,5,2.85e-6
1971,Male,Casey,1127,6.1978e-4
1971,Male,Jaime,1032,5.6754e-4
1971,Male,Kerry,879,4.834e-4
1971,Male,Jessie,758,4.1685e-4
1971,Male,Marion,344,1.8918e-4
1971,Male,Quinn,148,8.139e-5
1971,Male,Harley,134,7.369e-5
1971,Male,Riley,96,5.279e-5
1971,Male,Peyton,29,1.595e-5
1972,Female,Kerry,1910,0.00118452
1972,Female,Casey,543,3.3675e-4
1972,Female,Jessie,317,1.9659e-4
1972,Female,Marion,293,1.8171e-4
1972,Female,Jaime,167,1.0357e-4
1972,Female,Peyton,15,9.3e-6
1972,Female,Quinn,12,7.44e-6
1972,Female,Harley,5,3.1e-6
1972,Male,Casey,1189,7.0999e-4
1972,Male,Jaime,1007,6.0131e-4
1972,Male,Jessie,756,4.5143e-4
1972,Male,Kerry,734,4.3829e-4
1972,Male,Marion,300,1.7914e-4
1972,Male,Harley,135,8.061e-5
1972,Male,Quinn,118,7.046e-5
1972,Male,Riley,85,5.076e-5
1972,Male,Peyton,23,1.373e-5
1973,Female,Kerry,1874,0.00120589
1973,Female,Casey,620,3.9896e-4
1973,Female,Jessie,352,2.2651e-4
1973,Female,Marion,268,1.7245e-4
1973,Female,Jaime,186,1.1969e-4
1973,Female,Peyton,13,8.37e-6
1973,Female,Riley,8,5.15e-6
1973,Male,Casey,1278,7.9172e-4
1973,Male,Jaime,1065,6.5977e-4
1973,Male,Jessie,752,4.6586e-4
1973,Male,Kerry,680,4.2126e-4
1973,Male,Marion,298,1.8461e-4
1973,Male,Quinn,136,8.425e-5
1973,Male,Harley,130,8.053e-5
1973,Male,Riley,90,5.575e-5
1973,Male,Peyton,34,2.106e-5
1974,Female,Kerry,1729,0.00110399
1974,Female,Casey,822,5.2486e-4
1974,Female,Jessie,358,2.2859e-4
1974,Female,Jaime,260,1.6601e-4
1974,Female,Marion,233,1.4877e-4
1974,Female,Peyton,19,1.213e-5
1974,Female,Quinn,11,7.02e-6
1974,Female,Riley,8,5.11e-6
1974,Male,Casey,1728,0.00105964
1974,Male,Jaime,1092,6.6963e-4
1974,Male,Jessie,750,4.5991e-4
1974,Male,Kerry,710,4.3539e-4
1974,Male,Marion,266,1.6312e-4
1974,Male,Harley,169,1.0363e-4
1974,Male,Quinn,162,9.934e-5
1974,Male,Riley,85,5.212e-5
1974,Male,Peyton,50,3.066e-5
1975,Female,Kerry,1678,0.00107513
1975,Female,Jaime,915,5.8626e-4
1975,Female,Casey,856,5.4846e-4
1975,Female,Jessie,392,2.5116e-4
1975,Female,Marion,234,1.4993e-4
1975,Female,Peyton,19,1.217e-5
1975,Female,Quinn,16,1.025e-5
1975,Female,Riley,11,7.05e-6
1975,Female,Harley,8,5.13e-6
1975,Male,Casey,1960,0.00120762
1975,Male,Jaime,1274,7.8495e-4
1975,Male,Jessie,771,4.7504e-4
1975,Male,Kerry,646,3.9802e-4
1975,Male,Marion,245,1.5095e-4
1975,Male,Quinn,152,9.365e-5
1975,Male,Harley,141,8.687e-5
1975,Male,Riley,107,6.593e-5
1975,Male,Peyton,45,2.773e-5
1976,Female,Jaime,7836,0.00498516
1976,Female,Kerry,1450,9.2247e-4
1976,Female,Casey,811,5.1595e-4
1976,Female,Jessie,448,2.8501e-4
1976,Female,Marion,192,1.2215e-4
1976,Female,Quinn,22,1.4e-5
1976,Female,Peyton,17,1.082e-5
1976,Female,Riley,7,4.45e-6
1976,Male,Casey,2126,0.00130172
1976,Male,Jaime,1402,8.5842e-4
1976,Male,Jessie,823,5.0391e-4
1976,Male,Kerry,583,3.5696e-4
1976,Male,Marion,241,1.4756e-4
1976,Male,Harley,169,1.0348e-4
1976,Male,Quinn,141,8.633e-5
1976,Male,Riley,106,6.49e-5
1976,Male,Peyton,30,1.837e-5
1977,Female,Jaime,5906,0.00359044
1977,Female,Kerry,1298,7.8909e-4
1977,Female,Casey,950,5.7753e-4
1977,Female,Jessie,486,2.9545e-4
1977,Female,Marion,229,1.3922e-4
1977,Female,Peyton,12,7.3e-6
1977,Female,Riley,11,6.69e-6
1977,Female,Quinn,8,4.86e-6
1977,Female,Harley,7,4.26e-6
1977,Male,Casey,2596,0.00151825
1977,Male,Jaime,1364,7.9773e-4
1977,Male,Jessie,933,5.4566e-4
1977,Male,Kerry,541,3.164e-4
1977,Male,Marion,228,1.3334e-4
1977,Male,Harley,189,1.1054e-4
1977,Male,Quinn,147,8.597e-5
1977,Male,Riley,117,6.843e-5
1977,Male,Peyton,27,1.579e-5
1978,Female,Jaime,4002,0.00243462
1978,Female,Casey,1533,9.326e-4
1978,Female,Kerry,1154,7.0204e-4
1978,Female,Jessie,643,3.9117e-4
1978,Female,Marion,184,1.1194e-4
1978,Female,Quinn,66,4.015e-5
1978,Female,Peyton,15,9.13e-6
1978,Female,Riley,13,7.91e-6
1978,Female,Harley,7,4.26e-6
1978,Male,Casey,3004,0.00175765
1978,Male,Jaime,1277,7.4718e-4
1978,Male,Jessie,895,5.2367e-4
1978,Male,Kerry,463,2.709e-4
1978,Male,Harley,237,1.3867e-4
1978,Male,Marion,206,1.2053e-4
1978,Male,Riley,167,9.771e-5
1978,Male,Quinn,164,9.596e-5
1978,Male,Peyton,39,2.282e-5
1979,Female,Jaime,3086,0.00179092
1979,Female,Casey,1957,0.00113572
1979,Female,Kerry,994,5.7686e-4
1979,Female,Jessie,721,4.1842e-4
1979,Female,Marion,185,1.0736e-4
1979,Female,Quinn,146,8.473e-5
1979,Female,Peyton,19,1.103e-5
1979,Female,Riley,15,8.71e-6
1979,Female,Harley,8,4.64e-6
1979,Male,Casey,3083,0.00172059
1979,Male,Jaime,1358,7.5789e-4
1979,Male,Jessie,1023,5.7093e-4
1979,Male,Kerry,462,2.5784e-4
1979,Male,Harley,244,1.3617e-4
1979,Male,Marion,232,1.2948e-4
1979,Male,Quinn,216,1.2055e-4
1979,Male,Riley,162,9.041e-5
1979,Male,Peyton,34,1.898e-5
1980,Female,Jaime,2645,0.00148565
1980,Female,Casey,2172,0.00121998
1980,Female,Kerry,1000,5.6168e-4
1980,Female,Jessie,813,4.5665e-4
1980,Female,Marion,189,1.0616e-4
1980,Female,Quinn,104,5.842e-5
1980,Female,Riley,18,1.011e-5
1980,Female,Peyton,17,9.55e-6
1980,Female,Harley,9,5.06e-6
1980,Male,Casey,3219,0.00173529
1980,Male,Jaime,1465,7.8975e-4
1980,Male,Jessie,1097,5.9137e-4
1980,Male,Kerry,431,2.3234e-4
1980,Male,Harley,281,1.5148e-4
1980,Male,Quinn,218,1.1752e-4
1980,Male,Marion,204,1.0997e-4
1980,Male,Riley,164,8.841e-5
1980,Male,Peyton,24,1.294e-5
1981,Female,Casey,2420,0.00135329
1981,Female,Jaime,2386,0.00133428
1981,Female,Jessie,1210,6.7665e-4
1981,Female,Kerry,939,5.251e-4
1981,Female,Marion,211,1.1799e-4
1981,Female,Quinn,96,5.368e-5
1981,Female,Riley,24,1.342e-5
1981,Female,Peyton,18,1.007e-5
1981,Female,Harley,11,6.15e-6
1981,Male,Casey,3518,0.00188894
1981,Male,Jaime,1410,7.5708e-4
1981,Male,Jessie,1251,6.7171e-4
1981,Male,Kerry,417,2.239e-4
1981,Male,Harley,244,1.3101e-4
1981,Male,Marion,187,1.0041e-4
1981,Male,Quinn,187,1.0041e-4
1981,Male,Riley,181,9.719e-5
1981,Male,Peyton,32,1.718e-5
1982,Female,Casey,2477,0.0013655
1982,Female,Jaime,2196,0.00121059
1982,Female,Jessie,1144,6.3066e-4
1982,Female,Kerry,937,5.1654e-4
1982,Female,Marion,211,1.1632e-4
1982,Female,Quinn,141,7.773e-5
1982,Female,Riley,36,1.985e-5
1982,Female,Peyton,19,1.047e-5
1982,Female,Harley,12,6.62e-6
1982,Male,Casey,3427,0.00181599
1982,Male,Jaime,1350,7.1537e-4
1982,Male,Jessie,1330,7.0478e-4
1982,Male,Kerry,418,2.215e-4
1982,Male,Harley,247,1.3089e-4
1982,Male,Riley,199,1.0545e-4
1982,Male,Quinn,190,1.0068e-4
1982,Male,Marion,183,9.697e-5
1982,Male,Peyton,37,1.961e-5
1983,Female,Casey,2556,0.00142845
1983,Female,Jaime,1782,9.9589e-4
1983,Female,Jessie,888,4.9627e-4
1983,Female,Kerry,786,4.3926e-4
1983,Female,Marion,175,9.78e-5
1983,Female,Quinn,96,5.365e-5
1983,Female,Riley,37,2.068e-5
1983,Female,Peyton,18,1.006e-5
1983,Female,Harley,12,6.71e-6
1983,Male,Casey,3230,0.00173345
1983,Male,Jaime,1223,6.5635e-4
1983,Male,Jessie,1161,6.2308e-4
1983,Male,Kerry,383,2.0555e-4
1983,Male,Riley,225,1.2075e-4
1983,Male,Harley,212,1.1377e-4
1983,Male,Quinn,176,9.445e-5
1983,Male,Marion,136,7.299e-5
1983,Male,Peyton,44,2.361e-5
1984,Female,Casey,2582,0.00143215
1984,Female,Jaime,1505,8.3477e-4
1984,Female,Jessie,992,5.5023e-4
1984,Female,Kerry,730,4.0491e-4
1984,Female,Marion,165,9.152e-5
1984,Female,Quinn,101,5.602e-5
1984,Female,Peyton,25,1.387e-5
1984,Female,Riley,22,1.22e-5
1984,Female,Harley,15,8.32e-6
1984,Male,Casey,3514,0.00187291
1984,Male,Jaime,1174,6.2572e-4
1984,Male,Jessie,1095,5.8362e-4
1984,Male,Kerry,512,2.7289e-4
1984,Male,Riley,253,1.3485e-4
1984,Male,Harley,208,1.1086e-4
1984,Male,Quinn,179,9.54e-5
1984,Male,Marion,169,9.007e-5
1984,Male,Peyton,50,2.665e-5
1985,Female,Casey,2477,0.00134189
1985,Female,Jaime,1557,8.4349e-4
1985,Female,Jessie,1112,6.0242e-4
1985,Female,Kerry,672,3.6405e-4
1985,Female,Marion,168,9.101e-5
1985,Female,Quinn,80,4.334e-5
1985,Female,Riley,64,3.467e-5
1985,Female,Peyton,22,1.192e-5
1985,Female,Harley,16,8.67e-6
1985,Male,Casey,3490,0.0018141
1985,Male,Jaime,1182,6.144e-4
1985,Male,Jessie,1131,5.8789e-4
1985,Male,Kerry,525,2.7289e-4
1985,Male,Riley,333,1.7309e-4
1985,Male,Harley,226,1.1747e-4
1985,Male,Quinn,172,8.941e-5
1985,Male,Marion,154,8.005e-5
1985,Male,Peyton,57,2.963e-5
1986,Female,Casey,3423,0.00185524
1986,Female,Jessie,1277,6.9212e-4
1986,Female,Jaime,1219,6.6069e-4
1986,Female,Kerry,698,3.7831e-4
1986,Female,Marion,162,8.78e-5
1986,Female,Riley,99,5.366e-5
1986,Female,Quinn,74,4.011e-5
1986,Female,Peyton,32,1.734e-5
1986,Female,Harley,17,9.21e-6
1986,Male,Casey,3763,0.00195892
1986,Male,Jaime,1211,6.3041e-4
1986,Male,Jessie,1117,5.8148e-4
1986,Male,Kerry,481,2.504e-4
1986,Male,Riley,403,2.0979e-4
1986,Male,Quinn,241,1.2546e-4
1986,Male,Harley,203,1.0568e-4
1986,Male,Marion,164,8.537e-5
1986,Male,Peyton,75,3.904e-5
1987,Female,Casey,3581,0.00191106
1987,Female,Jessie,1222,6.5214e-4
1987,Female,Jaime,1108,5.913e-4
1987,Female,Kerry,669,3.5702e-4
1987,Female,Marion,151,8.058e-5
1987,Female,Riley,88,4.696e-5
1987,Female,Quinn,82,4.376e-5
1987,Female,Peyton,29,1.548e-5
1987,Female,Harley,15,8e-6
1987,Male,Casey,3925,0.00201337
1987,Male,Jaime,1183,6.0683e-4
1987,Male,Jessie,1162,5.9606e-4
1987,Male,Riley,476,2.4417e-4
1987,Male,Kerry,409,2.098e-4
1987,Male,Quinn,269,1.3799e-4
1987,Male,Harley,189,9.695e-5
1987,Male,Marion,137,7.028e-5
1987,Male,Peyton,80,4.104e-5
1988,Female,Casey,3149,0.0016379
1988,Female,Jessie,1160,6.0336e-4
1988,Female,Jaime,950,4.9413e-4
1988,Female,Kerry,598,3.1104e-4
1988,Female,Marion,175,9.102e-5
1988,Female,Riley,123,6.398e-5
1988,Female,Quinn,92,4.785e-5
1988,Female,Peyton,42,2.185e-5
1988,Female,Harley,35,1.82e-5
1988,Male,Casey,4038,0.00201766
1988,Male,Jaime,1255,6.2708e-4
1988,Male,Jessie,1082,5.4064e-4
1988,Male,Riley,528,2.6382e-4
1988,Male,Kerry,421,2.1036e-4
1988,Male,Quinn,267,1.3341e-4
1988,Male,Harley,228,1.1392e-4
1988,Male,Marion,168,8.394e-5
1988,Male,Peyton,80,3.997e-5
1989,Female,Casey,3079,0.00154577
1989,Female,Jessie,1147,5.7584e-4
1989,Female,Jaime,865,4.3426e-4
1989,Female,Kerry,560,2.8114e-4
1989,Female,Riley,168,8.434e-5
1989,Female,Marion,152,7.631e-5
1989,Female,Harley,81,4.066e-5
1989,Female,Quinn,78,3.916e-5
1989,Female,Peyton,35,1.757e-5
1989,Male,Casey,3851,0.00183779
1989,Male,Jaime,1395,6.6573e-4
1989,Male,Jessie,1133,5.4069e-4
1989,Male,Riley,676,3.226e-4
1989,Male,Kerry,408,1.9471e-4
1989,Male,Quinn,361,1.7228e-4
1989,Male,Harley,269,1.2837e-4
1989,Male,Marion,149,7.111e-5
1989,Male,Peyton,107,5.106e-5
1990,Female,Casey,3261,0.00158766
1990,Female,Jessie,1117,5.4383e-4
1990,Female,Jaime,882,4.2941e-4
1990,Female,Kerry,555,2.7021e-4
1990,Female,Riley,238,1.1587e-4
1990,Female,Marion,166,8.082e-5
1990,Female,Harley,156,7.595e-5
1990,Female,Quinn,96,4.674e-5
1990,Female,Peyton,62,3.019e-5
1990,Male,Casey,4131,0.00192036
1990,Male,Jaime,1436,6.6755e-4
1990,Male,Jessie,1255,5.8341e-4
1990,Male,Riley,813,3.7794e-4
1990,Male,Kerry,402,1.8688e-4
1990,Male,Quinn,363,1.6875e-4
1990,Male,Harley,292,1.3574e-4
1990,Male,Marion,136,6.322e-5
1990,Male,Peyton,121,5.625e-5
1991,Female,Casey,3070,0.00151
1991,Female,Jessie,1116,5.4891e-4
1991,Female,Jaime,740,3.6397e-4
1991,Female,Kerry,478,2.3511e-4
1991,Female,Harley,316,1.5543e-4
1991,Female,Riley,285,1.4018e-4
1991,Female,Marion,158,7.771e-5
1991,Female,Quinn,107,5.263e-5
1991,Female,Peyton,67,3.295e-5
1991,Male,Casey,4107,0.001938
1991,Male,Jaime,1446,6.8234e-4
1991,Male,Jessie,1176,5.5493e-4
1991,Male,Riley,865,4.0817e-4
1991,Male,Quinn,476,2.2461e-4
1991,Male,Kerry,414,1.9536e-4
1991,Male,Harley,350,1.6516e-4
1991,Male,Marion,144,6.795e-5
1991,Male,Peyton,126,5.946e-5
1992,Female,Casey,3007,0.00150028
1992,Female,Jessie,1096,5.4683e-4
1992,Female,Jaime,684,3.4127e-4
1992,Female,Harley,456,2.2751e-4
1992,Female,Kerry,438,2.1853e-4
1992,Female,Riley,425,2.1204e-4
1992,Female,Peyton,399,1.9907e-4
1992,Female,Marion,174,8.681e-5
1992,Female,Quinn,109,5.438e-5
1992,Male,Casey,3574,0.00170302
1992,Male,Jaime,1428,6.8045e-4
1992,Male,Riley,1067,5.0843e-4
1992,Male,Jessie,1048,4.9938e-4
1992,Male,Harley,556,2.6494e-4
1992,Male,Quinn,486,2.3158e-4
1992,Male,Kerry,288,1.3723e-4
1992,Male,Peyton,187,8.911e-5
1992,Male,Marion,130,6.195e-5
1993,Female,Casey,2579,0.00130836
1993,Female,Jessie,1108,5.621e-4
1993,Female,Harley,718,3.6425e-4
1993,Female,Jaime,654,3.3178e-4
1993,Female,Peyton,617,3.1301e-4
1993,Female,Riley,552,2.8004e-4
1993,Female,Kerry,373,1.8923e-4
1993,Female,Quinn,131,6.646e-5
1993,Female,Marion,116,5.885e-5
1993,Male,Casey,3179,0.0015395
1993,Male,Jaime,1427,6.9105e-4
1993,Male,Riley,1376,6.6636e-4
1993,Male,Jessie,1082,5.2398e-4
1993,Male,Harley,727,3.5206e-4
1993,Male,Quinn,550,2.6635e-4
1993,Male,Kerry,296,1.4334e-4
1993,Male,Peyton,242,1.1719e-4
1993,Male,Marion,100,4.843e-5
1994,Female,Casey,2691,0.00138069
1994,Female,Jessie,1255,6.4391e-4
1994,Female,Harley,858,4.4022e-4
1994,Female,Riley,755,3.8737e-4
1994,Female,Peyton,585,3.0015e-4
1994,Female,Jaime,574,2.9451e-4
1994,Female,Kerry,339,1.7393e-4
1994,Female,Quinn,159,8.158e-5
1994,Female,Marion,123,6.311e-5
1994,Male,Casey,3046,0.00149464
1994,Male,Riley,1587,7.7873e-4
1994,Male,Jaime,1394,6.8402e-4
1994,Male,Jessie,984,4.8284e-4
1994,Male,Harley,789,3.8715e-4
1994,Male,Quinn,592,2.9049e-4
1994,Male,Peyton,357,1.7518e-4
1994,Male,Kerry,235,1.1531e-4
1994,Male,Marion,86,4.22e-5
1995,Female,Casey,2638,0.00137309
1995,Female,Jessie,1138,5.9233e-4
1995,Female,Riley,969,5.0437e-4
1995,Female,Harley,752,3.9142e-4
1995,Female,Jaime,603,3.1386e-4
1995,Female,Peyton,588,3.0606e-4
1995,Female,Kerry,296,1.5407e-4
1995,Female,Quinn,200,1.041e-4
1995,Female,Marion,108,5.621e-5
1995,Male,Casey,2629,0.00130731
1995,Male,Riley,1918,9.5376e-4
1995,Male,Jaime,1299,6.4595e-4
1995,Male,Jessie,903,4.4903e-4
1995,Male,Harley,652,3.2422e-4
1995,Male,Quinn,605,3.0085e-4
1995,Male,Peyton,453,2.2526e-4
1995,Male,Kerry,206,1.0244e-4
1995,Male,Marion,90,4.475e-5
1996,Female,Casey,2550,0.00133029
1996,Female,Riley,1148,5.9889e-4
1996,Female,Peyton,1104,5.7594e-4
1996,Female,Jessie,980,5.1125e-4
1996,Female,Harley,730,3.8083e-4
1996,Female,Jaime,499,2.6032e-4
1996,Female,Kerry,289,1.5077e-4
1996,Female,Quinn,194,1.0121e-4
1996,Female,Marion,115,5.999e-5
1996,Male,Casey,2464,0.00122993
1996,Male,Riley,2393,0.00119449
1996,Male,Jaime,1312,6.549e-4
1996,Male,Jessie,874,4.3626e-4
1996,Male,Quinn,790,3.9434e-4
1996,Male,Peyton,772,3.8535e-4
1996,Male,Harley,605,3.0199e-4
1996,Male,Kerry,181,9.035e-5
1996,Male,Marion,117,5.84e-5
1997,Female,Casey,2194,0.00114941
1997,Female,Riley,1669,8.7437e-4
1997,Female,Peyton,1303,6.8262e-4
1997,Female,Jessie,846,4.4321e-4
1997,Female,Harley,700,3.6672e-4
1997,Female,Jaime,422,2.2108e-4
1997,Female,Kerry,272,1.425e-4
1997,Female,Quinn,206,1.0792e-4
1997,Female,Marion,129,6.758e-5
1997,Male,Riley,2833,0.00141839
1997,Male,Casey,2097,0.0010499
1997,Male,Jaime,1212,6.0681e-4
1997,Male,Peyton,1121,5.6125e-4
1997,Male,Quinn,909,4.5511e-4
1997,Male,Jessie,753,3.77e-4
1997,Male,Harley,566,2.8338e-4
1997,Male,Kerry,188,9.413e-5
1997,Male,Marion,131,6.559e-5
1998,Female,Casey,2103,0.00108513
1998,Female,Riley,1877,9.6852e-4
1998,Female,Peyton,1417,7.3116e-4
1998,Female,Harley,825,4.2569e-4
1998,Female,Jessie,744,3.839e-4
1998,Female,Jaime,434,2.2394e-4
1998,Female,Quinn,282,1.4551e-4
1998,Female,Kerry,199,1.0268e-4
1998,Female,Marion,124,6.398e-5
1998,Male,Riley,3013,0.00148633
1998,Male,Casey,1975,9.7428e-4
1998,Male,Peyton,1451,7.1579e-4
1998,Male,Jaime,1294,6.3834e-4
1998,Male,Quinn,815,4.0205e-4
1998,Male,Jessie,642,3.167e-4
1998,Male,Harley,540,2.6639e-4
1998,Male,Kerry,150,7.4e-5
1998,Male,Marion,132,6.512e-5
1999,Female,Riley,2312,0.00118795
1999,Female,Casey,1802,9.259e-4
1999,Female,Peyton,1356,6.9674e-4
1999,Female,Harley,754,3.8742e-4
1999,Female,Jessie,739,3.7971e-4
1999,Female,Jaime,380,1.9525e-4
1999,Female,Quinn,334,1.7162e-4
1999,Female,Kerry,200,1.0276e-4
1999,Female,Marion,102,5.241e-5
1999,Male,Riley,2970,0.00145706
1999,Male,Casey,2043,0.00100228
1999,Male,Peyton,1381,6.7751e-4
1999,Male,Jaime,1322,6.4857e-4
1999,Male,Quinn,990,4.8569e-4
1999,Male,Jessie,581,2.8504e-4
1999,Male,Harley,495,2.4284e-4
1999,Male,Kerry,150,7.359e-5
1999,Male,Marion,108,5.298e-5
2000,Female,Riley,2552,0.00127927
2000,Female,Peyton,1967,9.8602e-4
2000,Female,Casey,1517,7.6045e-4
2000,Female,Harley,756,3.7897e-4
2000,Female,Jessie,719,3.6042e-4
2000,Female,Jaime,314,1.574e-4
2000,Female,Quinn,297,1.4888e-4
2000,Female,Kerry,182,9.123e-5
2000,Female,Marion,141,7.068e-5
2000,Male,Riley,3420,0.00163841
2000,Male,Peyton,2001,9.5861e-4
2000,Male,Casey,1822,8.7286e-4
2000,Male,Jaime,1262,6.0458e-4
2000,Male,Quinn,937,4.4889e-4
2000,Male,Harley,535,2.563e-4
2000,Male,Jessie,533,2.5534e-4
2000,Male,Kerry,135,6.467e-5
2000,Male,Marion,102,4.886e-5
2001,Female,Riley,3044,0.00153734
2001,Female,Peyton,1885,9.52e-4
2001,Female,Casey,1283,6.4797e-4
2001,Female,Harley,820,4.1413e-4
2001,Female,Jessie,611,3.0858e-4
2001,Female,Quinn,306,1.5454e-4
2001,Female,Jaime,296,1.4949e-4
2001,Female,Kerry,148,7.475e-5
2001,Female,Marion,120,6.06e-5
2001,Male,Riley,3651,0.00176597
2001,Male,Peyton,2114,0.00102253
2001,Male,Casey,1556,7.5263e-4
2001,Male,Jaime,1339,6.4767e-4
2001,Male,Quinn,937,4.5322e-4
2001,Male,Jessie,593,2.8683e-4
2001,Male,Harley,528,2.5539e-4
2001,Male,Kerry,142,6.868e-5
2001,Male,Marion,106,5.127e-5
2002,Female,Riley,3905,0.00197826
2002,Female,Peyton,1702,8.6223e-4
2002,Female,Casey,1031,5.223e-4
2002,Female,Harley,871,4.4125e-4
2002,Female,Jessie,675,3.4195e-4
2002,Female,Quinn,336,1.7022e-4
2002,Female,Jaime,270,1.3678e-4
2002,Female,Kerry,141,7.143e-5
2002,Female,Marion,130,6.586e-5
2002,Male,Riley,3959,0.0019167
2002,Male,Peyton,1764,8.5402e-4
2002,Male,Casey,1398,6.7682e-4
2002,Male,Jaime,1262,6.1098e-4
2002,Male,Quinn,914,4.425e-4
2002,Male,Jessie,653,3.1614e-4
2002,Male,Harley,577,2.7935e-4
2002,Male,Kerry,130,6.294e-5
2002,Male,Marion,120,5.81e-5
2003,Female,Riley,4242,0.00211528
2003,Female,Peyton,1700,8.4771e-4
2003,Female,Harley,993,4.9516e-4
2003,Female,Casey,987,4.9217e-4
2003,Female,Jessie,618,3.0817e-4
2003,Female,Quinn,394,1.9647e-4
2003,Female,Jaime,265,1.3214e-4
2003,Female,Marion,119,5.934e-5
2003,Female,Kerry,100,4.987e-5
2003,Male,Riley,4076,0.0019409
2003,Male,Peyton,1768,8.4188e-4
2003,Male,Jaime,1261,6.0046e-4
2003,Male,Casey,1253,5.9665e-4
2003,Male,Quinn,1072,5.1046e-4
2003,Male,Jessie,627,2.9856e-4
2003,Male,Harley,612,2.9142e-4
2003,Male,Marion,158,7.524e-5
2003,Male,Kerry,112,5.333e-5
2004,Female,Riley,4982,0.00247051
2004,Female,Peyton,2391,0.00118567
2004,Female,Harley,876,4.344e-4
2004,Female,Casey,817,4.0514e-4
2004,Female,Jessie,607,3.01e-4
2004,Female,Quinn,401,1.9885e-4
2004,Female,Jaime,255,1.2645e-4
2004,Female,Marion,112,5.554e-5
2004,Female,Kerry,86,4.265e-5
2004,Male,Riley,4109,0.00194537
2004,Male,Peyton,2483,0.00117556
2004,Male,Casey,1270,6.0127e-4
2004,Male,Jaime,1194,5.6529e-4
2004,Male,Quinn,1034,4.8954e-4
2004,Male,Jessie,571,2.7034e-4
2004,Male,Harley,558,2.6418e-4
2004,Male,Kerry,172,8.143e-5
2004,Male,Marion,137,6.486e-5
2005,Female,Riley,5124,0.00252641
2005,Female,Peyton,2462,0.0012139
2005,Female,Harley,841,4.1466e-4
2005,Female,Casey,769,3.7916e-4
2005,Female,Jessie,507,2.4998e-4
2005,Female,Quinn,407,2.0067e-4
2005,Female,Jaime,197,9.713e-5
2005,Female,Marion,103,5.078e-5
2005,Female,Kerry,80,3.944e-5
2005,Male,Riley,4110,0.00193318
2005,Male,Peyton,2842,0.00133676
2005,Male,Jaime,1255,5.903e-4
2005,Male,Casey,1101,5.1787e-4
2005,Male,Quinn,1085,5.1034e-4
2005,Male,Jessie,590,2.7751e-4
2005,Male,Harley,484,2.2765e-4
2005,Male,Marion,167,7.855e-5
2005,Male,Kerry,120,5.644e-5
2006,Female,Riley,5055,0.00241976
2006,Female,Peyton,2535,0.00121347
2006,Female,Harley,835,3.997e-4
2006,Female,Casey,770,3.6859e-4
2006,Female,Quinn,545,2.6088e-4
2006,Female,Jessie,529,2.5323e-4
2006,Female,Jaime,207,9.909e-5
2006,Female,Marion,97,4.643e-5
2006,Female,Kerry,73,3.494e-5
2006,Male,Riley,4392,0.00200471
2006,Male,Peyton,2685,0.00122556
2006,Male,Jaime,1240,5.6599e-4
2006,Male,Quinn,1233,5.628e-4
2006,Male,Casey,1070,4.884e-4
2006,Male,Jessie,546,2.4922e-4
2006,Male,Harley,495,2.2594e-4
2006,Male,Marion,155,7.075e-5
2006,Male,Kerry,99,4.519e-5
2007,Female,Riley,5208,0.00246265
2007,Female,Peyton,2774,0.00131171
2007,Female,Casey,696,3.2911e-4
2007,Female,Harley,668,3.1587e-4
2007,Female,Quinn,523,2.4731e-4
2007,Female,Jessie,496,2.3454e-4
2007,Female,Jaime,181,8.559e-5
2007,Female,Marion,113,5.343e-5
2007,Female,Kerry,44,2.081e-5
2007,Male,Riley,3969,0.00179315
2007,Male,Peyton,3372,0.00152343
2007,Male,Quinn,1320,5.9636e-4
2007,Male,Jaime,1227,5.5435e-4
2007,Male,Casey,985,4.4501e-4
2007,Male,Jessie,533,2.408e-4
2007,Male,Harley,416,1.8794e-4
2007,Male,Marion,146,6.596e-5
2007,Male,Kerry,87,3.931e-5
2008,Female,Riley,5768,0.00277184
2008,Female,Peyton,4731,0.0022735
2008,Female,Harley,779,3.7435e-4
2008,Female,Casey,676,3.2485e-4
2008,Female,Quinn,599,2.8785e-4
2008,Female,Jessie,493,2.3691e-4
2008,Female,Jaime,125,6.007e-5
2008,Female,Marion,96,4.613e-5
2008,Female,Kerry,37,1.778e-5
2008,Male,Riley,4129,0.00189538
2008,Male,Peyton,3220,0.00147811
2008,Male,Quinn,1216,5.5819e-4
2008,Male,Jaime,1043,4.7878e-4
2008,Male,Casey,976,4.4802e-4
2008,Male,Jessie,488,2.2401e-4
2008,Male,Harley,420,1.928e-4
2008,Male,Marion,140,6.427e-5
2008,Male,Kerry,85,3.902e-5
2009,Female,Riley,5633,0.00278451
2009,Female,Peyton,5311,0.00262534
2009,Female,Harley,760,3.7568e-4
2009,Female,Quinn,630,3.1142e-4
2009,Female,Casey,570,2.8176e-4
2009,Female,Jessie,421,2.0811e-4
2009,Female,Jaime,136,6.723e-5
2009,Female,Marion,110,5.438e-5
2009,Female,Kerry,32,1.582e-5
2009,Male,Riley,3785,0.00178626
2009,Male,Peyton,2709,0.00127846
2009,Male,Quinn,1339,6.3192e-4
2009,Male,Jaime,961,4.5353e-4
2009,Male,Casey,828,3.9076e-4
2009,Male,Harley,463,2.185e-4
2009,Male,Jessie,460,2.1709e-4
2009,Male,Marion,119,5.616e-5
2009,Male,Kerry,70,3.304e-5
2010,Female,Riley,5537,0.00282748
2010,Female,Peyton,4968,0.00253691
2010,Female,Quinn,1278,6.5261e-4
2010,Female,Harley,716,3.6563e-4
2010,Female,Casey,484,2.4716e-4
2010,Female,Jessie,419,2.1396e-4
2010,Female,Marion,98,5.004e-5
2010,Female,Jaime,84,4.289e-5
2010,Female,Kerry,30,1.532e-5
2010,Male,Riley,3642,0.00177475
2010,Male,Peyton,2643,0.00128794
2010,Male,Quinn,1237,6.0279e-4
2010,Male,Jaime,814,3.9666e-4
2010,Male,Casey,706,3.4403e-4
2010,Male,Harley,442,2.1539e-4
2010,Male,Jessie,406,1.9784e-4
2010,Male,Marion,124,6.043e-5
2010,Male,Kerry,65,3.167e-5
2011,Female,Riley,5031,0.00259994
2011,Female,Peyton,4674,0.00241545
2011,Female,Quinn,1691,8.7388e-4
2011,Female,Harley,712,3.6795e-4
2011,Female,Casey,465,2.403e-4
2011,Female,Jessie,408,2.1085e-4
2011,Female,Marion,111,5.736e-5
2011,Female,Jaime,91,4.703e-5
2011,Female,Kerry,35,1.809e-5
2011,Male,Riley,3457,0.00170414
2011,Male,Peyton,2293,0.00113034
2011,Male,Quinn,1129,5.5654e-4
2011,Male,Jaime,763,3.7612e-4
2011,Male,Casey,643,3.1697e-4
2011,Male,Harley,365,1.7993e-4
2011,Male,Jessie,332,1.6366e-4
2011,Male,Marion,102,5.028e-5
2011,Male,Kerry,61,3.007e-5
2012,Female,Riley,4825,0.00249194
2012,Female,Peyton,4468,0.00230757
2012,Female,Quinn,2108,0.00108871
2012,Female,Harley,757,3.9096e-4
2012,Female,Jessie,447,2.3086e-4
2012,Female,Casey,355,1.8335e-4
2012,Female,Marion,109,5.629e-5
2012,Female,Jaime,83,4.287e-5
2012,Female,Kerry,27,1.394e-5
2012,Male,Riley,2877,0.00142012
2012,Male,Peyton,2075,0.00102424
2012,Male,Quinn,985,4.8621e-4
2012,Male,Jaime,732,3.6132e-4
2012,Male,Casey,557,2.7494e-4
2012,Male,Harley,382,1.8856e-4
2012,Male,Jessie,338,1.6684e-4
2012,Male,Marion,109,5.38e-5
2012,Male,Kerry,53,2.616e-5
2013,Female,Riley,4931,0.00256308
2013,Female,Peyton,4564,0.00237232
2013,Female,Quinn,2648,0.0013764
2013,Female,Harley,875,4.5482e-4
2013,Female,Jessie,479,2.4898e-4
2013,Female,Casey,378,1.9648e-4
2013,Female,Marion,140,7.277e-5
2013,Female,Jaime,90,4.678e-5
2013,Female,Kerry,39,2.027e-5
2013,Male,Riley,2552,0.00126541
2013,Male,Peyton,1844,9.1435e-4
2013,Male,Quinn,882,4.3734e-4
2013,Male,Jaime,686,3.4015e-4
2013,Male,Casey,556,2.7569e-4
2013,Male,Harley,400,1.9834e-4
2013,Male,Jessie,323,1.6016e-4
2013,Male,Marion,97,4.81e-5
2013,Male,Kerry,71,3.521e-5
2014,Female,Riley,4790,0.00245433
2014,Female,Peyton,4446,0.00227807
2014,Female,Quinn,2550,0.00130659
2014,Female,Harley,946,4.8472e-4
2014,Female,Jessie,506,2.5927e-4
2014,Female,Casey,353,1.8087e-4
2014,Female,Marion,142,7.276e-5
2014,Female,Jaime,74,3.792e-5
2014,Female,Kerry,37,1.896e-5
2014,Male,Riley,2441,0.00119401
2014,Male,Peyton,1839,8.9954e-4
2014,Male,Quinn,877,4.2898e-4
2014,Male,Jaime,618,3.0229e-4
2014,Male,Casey,522,2.5533e-4
2014,Male,Harley,407,1.9908e-4
2014,Male,Jessie,282,1.3794e-4
2014,Male,Marion,82,4.011e-5
2014,Male,Kerry,62,3.033e-5
2015,Female,Riley,5726,0.00294348
2015,Female,Peyton,3901,0.00200533
2015,Female,Quinn,3090,0.00158843
2015,Female,Harley,1129,5.8037e-4
2015,Female,Jessie,468,2.4058e-4
2015,Female,Casey,342,1.7581e-4
2015,Female,Marion,149,7.659e-5
2015,Female,Jaime,69,3.547e-5
2015,Female,Kerry,26,1.337e-5
2015,Male,Riley,2086,0.00102339
2015,Male,Peyton,1377,6.7555e-4
2015,Male,Quinn,946,4.6411e-4
2015,Male,Jaime,607,2.9779e-4
2015,Male,Casey,515,2.5266e-4
2015,Male,Harley,390,1.9133e-4
2015,Male,Jessie,233,1.1431e-4
2015,Male,Marion,77,3.778e-5
2015,Male,Kerry,62,3.042e-5
2016,Female,Riley,7131,0.00369781
2016,Female,Quinn,3644,0.00188961
2016,Female,Peyton,3494,0.00181183
2016,Female,Harley,1426,7.3946e-4
2016,Female,Jessie,459,2.3802e-4
2016,Female,Casey,326,1.6905e-4
2016,Female,Marion,158,8.193e-5
2016,Female,Jaime,58,3.008e-5
2016,Female,Kerry,30,1.556e-5
2016,Male,Riley,1714,8.4944e-4
2016,Male,Peyton,1240,6.1453e-4
2016,Male,Quinn,1045,5.1789e-4
2016,Male,Jaime,655,3.2461e-4
2016,Male,Casey,511,2.5325e-4
2016,Male,Harley,377,1.8684e-4
2016,Male,Jessie,243,1.2043e-4
2016,Male,Marion,76,3.766e-5
2016,Male,Kerry,53,2.627e-5
2017,Female,Riley,6343,0.00338312
2017,Female,Quinn,3575,0.00190677
2017,Female,Peyton,3244,0.00173023
2017,Female,Harley,1515,8.0804e-4
2017,Female,Jessie,450,2.4001e-4
2017,Female,Casey,290,1.5467e-4
2017,Female,Marion,141,7.52e-5
2017,Female,Jaime,61,3.254e-5
2017,Female,Kerry,30,1.6e-5
2017,Male,Riley,1454,7.4059e-4
2017,Male,Peyton,992,5.0527e-4
2017,Male,Quinn,892,4.5434e-4
2017,Male,Jaime,604,3.0765e-4
2017,Male,Casey,540,2.7505e-4
2017,Male,Harley,395,2.0119e-4
2017,Male,Jessie,214,1.09e-4
2017,Male,Marion,75,3.82e-5
2017,Male,Kerry,57,2.903e-5
